{"Mean":{"confidence_interval":{"confidence_level":0.95,"lower_bound":30392205.156428568,"upper_bound":31505830.373333335},"point_estimate":30911080.594047617,"standard_error":285796.04614960734},"Median":{"confidence_interval":{"confidence_level":0.95,"lower_bound":30215201.028571427,"upper_bound":31565421.0},"point_estimate":30574424.25,"standard_error":360141.97486123693},"MedianAbsDev":{"confidence_interval":{"confidence_level":0.95,"lower_bound":124063.90402242633,"upper_bound":1593315.6594879935},"point_estimate":901420.5192465859,"standard_error":379747.5279951375},"Slope":{"confidence_interval":{"confidence_level":0.95,"lower_bound":30364880.338235293,"upper_bound":32020276.19117647},"point_estimate":31036220.355844155,"standard_error":461351.33154414425},"StdDev":{"confidence_interval":{"confidence_level":0.95,"lower_bound":458687.7522258452,"upper_bound":1266219.5563831013},"point_estimate":951588.7522659358,"standard_error":222671.01099164112}}