{"Mean":{"confidence_interval":{"confidence_level":0.95,"lower_bound":87896182.57519853,"upper_bound":89569577.35295603},"point_estimate":88780630.5827,"standard_error":426202.64730461966},"Median":{"confidence_interval":{"confidence_level":0.95,"lower_bound":88670435.78333333,"upper_bound":89962603.83333334},"point_estimate":89333585.30000001,"standard_error":386365.6048296586},"MedianAbsDev":{"confidence_interval":{"confidence_level":0.95,"lower_bound":617146.2784417995,"upper_bound":2553638.7191293403},"point_estimate":1381595.6142167754,"standard_error":547397.4323779449},"Slope":{"confidence_interval":{"confidence_level":0.95,"lower_bound":87028193.27940299,"upper_bound":89447401.50386965},"point_estimate":88335137.14076655,"standard_error":620016.4696778981},"StdDev":{"confidence_interval":{"confidence_level":0.95,"lower_bound":1175926.1471010144,"upper_bound":2457817.688689552},"point_estimate":1960933.0958133002,"standard_error":325181.06749720604}}