{"Mean":{"confidence_interval":{"confidence_level":0.95,"lower_bound":-0.8313243536044368,"upper_bound":-0.8248280086046458},"point_estimate":-0.8282723667491974,"standard_error":0.0017065700908944449},"Median":{"confidence_interval":{"confidence_level":0.95,"lower_bound":-0.831502054923259,"upper_bound":-0.8241087299803227},"point_estimate":-0.8297879414372005,"standard_error":0.0020997033328263057}}