{"Mean":{"confidence_interval":{"confidence_level":0.95,"lower_bound":-0.03389982181127734,"upper_bound":-0.012114125052028128},"point_estimate":-0.022653130215785078,"standard_error":0.005563709796007804},"Median":{"confidence_interval":{"confidence_level":0.95,"lower_bound":-0.024764075311808464,"upper_bound":-0.006742103622063511},"point_estimate":-0.016939230078931722,"standard_error":0.004896084505610261}}