{"Mean":{"confidence_interval":{"confidence_level":0.95,"lower_bound":26433197.003593426,"upper_bound":26573054.584651843},"point_estimate":26503027.4824144,"standard_error":35648.14188941792},"Median":{"confidence_interval":{"confidence_level":0.95,"lower_bound":26377389.57843137,"upper_bound":26598406.223076925},"point_estimate":26526195.64375,"standard_error":56832.370398992185},"MedianAbsDev":{"confidence_interval":{"confidence_level":0.95,"lower_bound":76919.49599911271,"upper_bound":247826.9934132563},"point_estimate":194100.02326664852,"standard_error":46355.155306983674},"Slope":{"confidence_interval":{"confidence_level":0.95,"lower_bound":26433512.840581454,"upper_bound":26558878.051336408},"point_estimate":26495444.498954702,"standard_error":32109.366216624832},"StdDev":{"confidence_interval":{"confidence_level":0.95,"lower_bound":118002.93484315016,"upper_bound":198946.63329583596},"point_estimate":163873.30332484088,"standard_error":20787.28370009099}}