{"Mean":{"confidence_interval":{"confidence_level":0.95,"lower_bound":41346770.654568866,"upper_bound":43839819.816103265},"point_estimate":42588766.662221216,"standard_error":635929.6541829065},"Median":{"confidence_interval":{"confidence_level":0.95,"lower_bound":40191126.578947365,"upper_bound":44053252.92490843},"point_estimate":42364376.248817965,"standard_error":1267471.5625723551},"MedianAbsDev":{"confidence_interval":{"confidence_level":0.95,"lower_bound":3578766.309425605,"upper_bound":6774826.637913696},"point_estimate":4994584.17108956,"standard_error":830457.6844299687},"Slope":{"confidence_interval":{"confidence_level":0.95,"lower_bound":41705999.80552586,"upper_bound":44893428.341629975},"point_estimate":43297591.53052999,"standard_error":817902.9074605453},"StdDev":{"confidence_interval":{"confidence_level":0.95,"lower_bound":3816820.4634299353,"upper_bound":5165122.70084337},"point_estimate":4553233.6798023125,"standard_error":344081.8397460011}}