{"Mean":{"confidence_interval":{"confidence_level":0.95,"lower_bound":133450486.81126772,"upper_bound":140494450.45037556},"point_estimate":136818782.5403393,"standard_error":1793208.1993405146},"Median":{"confidence_interval":{"confidence_level":0.95,"lower_bound":130837492.33333333,"upper_bound":138783712.3043478},"point_estimate":134940914.15454546,"standard_error":1639749.4575453778},"MedianAbsDev":{"confidence_interval":{"confidence_level":0.95,"lower_bound":7810542.315144707,"upper_bound":14721699.11905745},"point_estimate":10942484.63753205,"standard_error":1753295.0483952558},"Slope":{"confidence_interval":{"confidence_level":0.95,"lower_bound":131120878.02272655,"upper_bound":139175872.39424548},"point_estimate":134874650.2255562,"standard_error":2047675.7105017537},"StdDev":{"confidence_interval":{"confidence_level":0.95,"lower_bound":9300983.786294702,"upper_bound":16044445.40030727},"point_estimate":12810704.743468622,"standard_error":1743970.1579782623}}