{"Mean":{"confidence_interval":{"confidence_level":0.95,"lower_bound":-0.20671892448976975,"upper_bound":-0.1507135284745651},"point_estimate":-0.1776917957831714,"standard_error":0.014345995289728313},"Median":{"confidence_interval":{"confidence_level":0.95,"lower_bound":-0.18115612275403026,"upper_bound":-0.1466782065813068},"point_estimate":-0.16348670921103647,"standard_error":0.009902736795326737}}